Problem;Number of Iterations;Termination Criterion;Makespan;Time (s);%Gap
ta01;50;5;1339;3.546875;4.8
ta01;50;10;1312;3.171875;2.7
ta01;50;20;1324;3.28125;3.6
ta01;100;5;1297;7.90625;1.5
ta01;100;10;1305;7.953125;2.1
ta01;100;20;1297;8.609375;1.5
ta01;250;5;1297;18.75;1.5
ta01;250;10;1287;16.578125;0.7
ta01;250;20;1297;15.875;1.5
ta01;500;5;1297;35.390625;1.5
ta01;500;10;1297;33.796875;1.5
ta01;500;20;1297;32.484375;1.5
ta01;1000;5;1297;70.28125;1.5
ta01;1000;10;1297;66.6875;1.5
ta01;1000;20;1297;64.75;1.5
ta01;2500;5;1297;182.25;1.5
ta01;2500;10;1297;166.5;1.5
ta01;2500;20;1297;162.734375;1.5
ta02;50;5;1383;3.3125;1.8
ta02;50;10;1383;3.078125;1.8
ta02;50;20;1371;3;0.9
ta02;100;5;1368;7.09375;0.7
ta02;100;10;1383;6.453125;1.8
ta02;100;20;1368;6.15625;0.7
ta02;250;5;1367;17.3125;0.6
ta02;250;10;1372;16.28125;1
ta02;250;20;1366;15.71875;0.5
ta02;500;5;1371;35.09375;0.9
ta02;500;10;1368;33.0625;0.7
ta02;500;20;1370;32.15625;0.8
ta02;1000;5;1368;69.921875;0.7
ta02;1000;10;1366;66.875;0.5
ta02;1000;20;1366;64.25;0.5
ta02;2500;5;1366;175.578125;0.5
ta02;2500;10;1360;166.8125;0.1
ta02;2500;20;1366;160.453125;0.5
ta03;50;5;1147;3.34375;6.1
ta03;50;10;1162;3.5;7.5
ta03;50;20;1171;3;8.3
ta03;100;5;1162;6.75;7.5
ta03;100;10;1162;6.75;7.5
ta03;100;20;1162;6.046875;7.5
ta03;250;5;1098;17.265625;1.6
ta03;250;10;1113;16.46875;3
ta03;250;20;1116;15.75;3.2
ta03;500;5;1139;34.59375;5.4
ta03;500;10;1114;32.875;3.1
ta03;500;20;1115;31.5;3.1
ta03;1000;5;1098;70.5625;1.6
ta03;1000;10;1105;66.515625;2.2
ta03;1000;20;1098;63.515625;1.6
ta03;2500;5;1132;175.234375;4.7
ta03;2500;10;1098;164.28125;1.6
ta03;2500;20;1088;203.515625;0.6
ta04;50;5;1385;5.140625;7.1
ta04;50;10;1361;5.21875;5.3
ta04;50;20;1397;4.515625;8
ta04;100;5;1352;10.03125;4.6
ta04;100;10;1371;8.890625;6
ta04;100;20;1368;7.734375;5.8
ta04;250;5;1350;22.34375;4.4
ta04;250;10;1351;22.0625;4.5
ta04;250;20;1339;20.875;3.6
ta04;500;5;1315;43.796875;1.7
ta04;500;10;1315;41.09375;1.7
ta04;500;20;1351;38.4375;4.5
ta04;1000;5;1322;84.171875;2.2
ta04;1000;10;1309;79.765625;1.2
ta04;1000;20;1310;77.265625;1.3
ta04;2500;5;1342;208.34375;3.8
ta04;2500;10;1309;234.953125;1.2
ta04;2500;20;1308;226.109375;1.2
ta05;50;5;1277;4.78125;3.3
ta05;50;10;1261;4.5625;2
ta05;50;20;1289;4.21875;4.3
ta05;100;5;1258;9.296875;1.8
ta05;100;10;1265;9.125;2.3
ta05;100;20;1279;9.234375;3.5
ta05;250;5;1250;25.296875;1.1
ta05;250;10;1291;23.640625;4.4
ta05;250;20;1250;21.578125;1.1
ta05;500;5;1253;49.265625;1.4
ta05;500;10;1250;46.3125;1.1
ta05;500;20;1250;44.40625;1.1
ta05;1000;5;1277;91.328125;3.3
ta05;1000;10;1250;79.84375;1.1
ta05;1000;20;1250;69.90625;1.1
ta05;2500;5;1250;191.65625;1.1
ta05;2500;10;1250;189.03125;1.1
ta05;2500;20;1244;176.71875;0.6
ta06;50;5;1272;3.796875;6.4
ta06;50;10;1257;3.859375;5.2
ta06;50;20;1249;3.765625;4.5
ta06;100;5;1228;9.953125;2.8
ta06;100;10;1245;9.40625;4.2
ta06;100;20;1272;9.203125;6.4
ta06;250;5;1224;18.921875;2.4
ta06;250;10;1224;18.53125;2.4
ta06;250;20;1268;17.921875;6.1
ta06;500;5;1224;38.40625;2.4
ta06;500;10;1224;39.328125;2.4
ta06;500;20;1224;37.328125;2.4
ta06;1000;5;1210;80.0625;1.3
ta06;1000;10;1210;74.5625;1.3
ta06;1000;20;1210;74.71875;1.3
ta06;2500;5;1221;206.53125;2.2
ta06;2500;10;1210;190.671875;1.3
ta06;2500;20;1224;180.421875;2.4
ta07;50;5;1259;3.859375;1.6
ta07;50;10;1259;4.28125;1.6
ta07;50;20;1259;3.703125;1.6
ta07;100;5;1251;8.1875;1
ta07;100;10;1267;7.296875;2.3
ta07;100;20;1259;7.453125;1.6
ta07;250;5;1259;20.84375;1.6
ta07;250;10;1251;20.03125;1
ta07;250;20;1251;19.140625;1
ta07;500;5;1259;40.96875;1.6
ta07;500;10;1251;38.828125;1
ta07;500;20;1259;36.421875;1.6
ta07;1000;5;1251;78.65625;1
ta07;1000;10;1251;74.40625;1
ta07;1000;20;1251;70.3125;1
ta07;2500;5;1251;200.078125;1
ta07;2500;10;1251;187.859375;1
ta07;2500;20;1257;176.90625;1.5
ta08;50;5;1274;4.15625;5.6
ta08;50;10;1312;4.015625;8.8
ta08;50;20;1283;3.65625;6.4
ta08;100;5;1258;8.484375;4.3
ta08;100;10;1283;7.734375;6.4
ta08;100;20;1283;7.640625;6.4
ta08;250;5;1235;20.78125;2.4
ta08;250;10;1251;19.234375;3.7
ta08;250;20;1259;18.84375;4.4
ta08;500;5;1250;41.984375;3.6
ta08;500;10;1283;39.140625;6.4
ta08;500;20;1222;38.046875;1.3
ta08;1000;5;1240;80.859375;2.8
ta08;1000;10;1229;78.578125;1.9
ta08;1000;20;1223;75.421875;1.4
ta08;2500;5;1230;208.921875;2
ta08;2500;10;1214;201.234375;0.7
ta08;2500;20;1215;191.59375;0.7
ta09;50;5;1290;4.21875;4.9
ta09;50;10;1271;3.640625;3.3
ta09;50;20;1290;3.46875;4.9
ta09;100;5;1286;8.234375;4.6
ta09;100;10;1271;7.953125;3.3
ta09;100;20;1298;7.46875;5.5
ta09;250;5;1282;20.921875;4.2
ta09;250;10;1271;19.890625;3.3
ta09;250;20;1298;18.765625;5.5
ta09;500;5;1255;42.171875;2
ta09;500;10;1255;40.078125;2
ta09;500;20;1255;36.4375;2
ta09;1000;5;1255;83.03125;2
ta09;1000;10;1253;78.328125;1.9
ta09;1000;20;1264;75.703125;2.8
ta09;2500;5;1278;207.3125;3.9
ta09;2500;10;1240;196.203125;0.8
ta09;2500;20;1255;185.859375;2
ta10;50;5;1174;3.984375;6
ta10;50;10;1185;4.15625;6.9
ta10;50;20;1185;3.515625;6.9
ta10;100;5;1146;7.921875;3.4
ta10;100;10;1181;7.9375;6.6
ta10;100;20;1188;7.21875;7.2
ta10;250;5;1136;21.4375;2.5
ta10;250;10;1111;19.328125;0.3
ta10;250;20;1161;18.9375;4.8
ta10;500;5;1127;41.390625;1.7
ta10;500;10;1151;38.4375;3.9
ta10;500;20;1148;37.015625;3.6
ta10;1000;5;1151;82.859375;3.9
ta10;1000;10;1127;79.25;1.7
ta10;1000;20;1137;74.234375;2.6
ta10;2500;5;1127;208.171875;1.7
ta10;2500;10;1124;196.625;1.4
ta10;2500;20;1119;190.515625;1
ta11;50;5;1659;4.421875;4.9
ta11;50;10;1729;4.4375;9.3
ta11;50;20;1698;3.984375;7.3
ta11;100;5;1678;9.140625;6.1
ta11;100;10;1627;8.375;2.8
ta11;100;20;1665;8.3125;5.2
ta11;250;5;1650;22.203125;4.3
ta11;250;10;1674;21.28125;5.8
ta11;250;20;1676;18.65625;5.9
ta11;500;5;1689;46.8125;6.8
ta11;500;10;1634;43.75;3.3
ta11;500;20;1638;41.515625;3.5
ta11;1000;5;1681;90.65625;6.3
ta11;1000;10;1622;86.53125;2.5
ta11;1000;20;1623;82.71875;2.6
ta11;2500;5;1669;230.1875;5.5
ta11;2500;10;1607;216.078125;1.6
ta11;2500;20;1625;208.5;2.7
ta12;50;5;1785;4.546875;7.6
ta12;50;10;1784;4.328125;7.5
ta12;50;20;1758;4.1875;6
ta12;100;5;1752;8.890625;5.6
ta12;100;10;1740;8.796875;4.9
ta12;100;20;1759;8.515625;6
ta12;250;5;1737;22.546875;4.7
ta12;250;10;1742;22.328125;5
ta12;250;20;1750;20.40625;5.5
ta12;500;5;1749;44.453125;5.4
ta12;500;10;1715;40.171875;3.4
ta12;500;20;1746;34.328125;5.2
ta12;1000;5;1728;80.65625;4.2
ta12;1000;10;1722;81.3125;3.8
ta12;1000;20;1722;73.71875;3.8
ta12;2500;5;1765;192.859375;6.4
ta12;2500;10;1701;177.40625;2.5
ta12;2500;20;1754;171.59375;5.7
ta13;50;5;1579;3.6875;5.5
ta13;50;10;1612;3.515625;7.8
ta13;50;20;1623;3.109375;8.5
ta13;100;5;1572;7.40625;5.1
ta13;100;10;1580;6.828125;5.6
ta13;100;20;1570;6.640625;4.9
ta13;250;5;1619;18.21875;8.2
ta13;250;10;1560;16.921875;4.3
ta13;250;20;1574;16.453125;5.2
ta13;500;5;1568;36.859375;4.8
ta13;500;10;1559;34.75;4.2
ta13;500;20;1542;33.734375;3.1
ta13;1000;5;1542;73.796875;3.1
ta13;1000;10;1547;68.015625;3.4
ta13;1000;20;1532;67.671875;2.4
ta13;2500;5;1556;182.640625;4
ta13;2500;10;1537;178.078125;2.7
ta13;2500;20;1535;207.625;2.6
ta14;50;5;1502;4.078125;9
ta14;50;10;1509;4.015625;9.5
ta14;50;20;1518;4.09375;10.2
ta14;100;5;1426;8.53125;3.5
ta14;100;10;1460;8.71875;6
ta14;100;20;1457;8.203125;5.7
ta14;250;5;1441;22.6875;4.6
ta14;250;10;1429;21.3125;3.7
ta14;250;20;1430;20.671875;3.8
ta14;500;5;1454;44.4375;5.5
ta14;500;10;1435;37.359375;4.1
ta14;500;20;1411;40.25;2.4
ta14;1000;5;1437;87.515625;4.3
ta14;1000;10;1417;77.5;2.8
ta14;1000;20;1414;68.828125;2.6
ta14;2500;5;1420;198.375;3
ta14;2500;10;1407;190.0625;2.1
ta14;2500;20;1421;175.09375;3.1
ta15;50;5;1538;3.734375;8.4
ta15;50;10;1502;3.765625;5.8
ta15;50;20;1549;3.375;9.2
ta15;100;5;1520;7.28125;7.1
ta15;100;10;1508;7.296875;6.3
ta15;100;20;1523;6.890625;7.3
ta15;250;5;1493;19.4375;5.2
ta15;250;10;1500;18.0625;5.7
ta15;250;20;1539;17.6875;8.5
ta15;500;5;1502;38.546875;5.8
ta15;500;10;1465;36.640625;3.2
ta15;500;20;1511;34.8125;6.5
ta15;1000;5;1512;75.453125;6.6
ta15;1000;10;1474;74.78125;3.9
ta15;1000;20;1480;73.734375;4.3
ta15;2500;5;1477;189.578125;4.1
ta15;2500;10;1470;186.453125;3.6
ta15;2500;20;1494;178.078125;5.3
ta16;50;5;1478;3.9375;5.8
ta16;50;10;1486;3.484375;6.4
ta16;50;20;1512;3.296875;8.2
ta16;100;5;1478;7.90625;5.8
ta16;100;10;1464;6.953125;4.8
ta16;100;20;1482;6.953125;6.1
ta16;250;5;1458;18.78125;4.4
ta16;250;10;1460;18.09375;4.5
ta16;250;20;1460;17.359375;4.5
ta16;500;5;1477;38.71875;5.7
ta16;500;10;1463;36.65625;4.7
ta16;500;20;1449;36.75;3.7
ta16;1000;5;1427;92.0625;2.1
ta16;1000;10;1435;106.375;2.7
ta16;1000;20;1440;84.6875;3.1
ta16;2500;5;1450;192.796875;3.8
ta16;2500;10;1410;182.375;0.9
ta16;2500;20;1424;173.453125;1.9
ta17;50;5;1556;3.5625;4.9
ta17;50;10;1586;3.890625;6.9
ta17;50;20;1623;3.28125;9.4
ta17;100;5;1548;7.25;4.3
ta17;100;10;1578;7.265625;6.3
ta17;100;20;1636;6.78125;10.2
ta17;250;5;1584;18.875;6.7
ta17;250;10;1532;17.609375;3.2
ta17;250;20;1550;17.890625;4.4
ta17;500;5;1540;38.78125;3.8
ta17;500;10;1516;36.578125;2.2
ta17;500;20;1549;34.90625;4.4
ta17;1000;5;1504;76.765625;1.3
ta17;1000;10;1518;73.078125;2.3
ta17;1000;20;1528;70.515625;3
ta17;2500;5;1518;191.578125;2.3
ta17;2500;10;1505;180.203125;1.4
ta17;2500;20;1501;192.078125;1.1
ta18;50;5;1657;3.71875;7.7
ta18;50;10;1702;3.53125;10.7
ta18;50;20;1669;3.265625;8.5
ta18;100;5;1670;7.234375;8.6
ta18;100;10;1628;7.25;5.9
ta18;100;20;1674;6.578125;8.8
ta18;250;5;1638;19.203125;6.5
ta18;250;10;1641;17.328125;6.7
ta18;250;20;1632;17.125;6.1
ta18;500;5;1629;37.5625;5.9
ta18;500;10;1577;43.859375;2.5
ta18;500;20;1581;46.421875;2.8
ta18;1000;5;1611;98.21875;4.7
ta18;1000;10;1594;94.296875;3.6
ta18;1000;20;1605;89.734375;4.4
ta18;2500;5;1596;225;3.8
ta18;2500;10;1594;186.328125;3.6
ta18;2500;20;1575;178.046875;2.4
ta19;50;5;1683;3.8125;5.6
ta19;50;10;1711;3.71875;7.4
ta19;50;20;1700;3.34375;6.7
ta19;100;5;1682;7.703125;5.6
ta19;100;10;1681;7.578125;5.5
ta19;100;20;1668;6.671875;4.7
ta19;250;5;1632;19.625;2.4
ta19;250;10;1654;18.34375;3.8
ta19;250;20;1644;17.3125;3.2
ta19;500;5;1649;38.203125;3.5
ta19;500;10;1651;36.890625;3.6
ta19;500;20;1636;35.46875;2.7
ta19;1000;5;1638;78.0625;2.8
ta19;1000;10;1636;74.75;2.7
ta19;1000;20;1638;71.625;2.8
ta19;2500;5;1668;196.421875;4.7
ta19;2500;10;1627;191.203125;2.1
ta19;2500;20;1662;179.9375;4.3
ta20;50;5;1703;3.703125;7
ta20;50;10;1705;3.484375;7.2
ta20;50;20;1726;3.921875;8.5
ta20;100;5;1678;7.46875;5.5
ta20;100;10;1681;7.5;5.7
ta20;100;20;1737;6.890625;9.2
ta20;250;5;1659;19.203125;4.3
ta20;250;10;1693;18.421875;6.4
ta20;250;20;1644;18.03125;3.3
ta20;500;5;1647;38.921875;3.5
ta20;500;10;1650;36.796875;3.7
ta20;500;20;1665;36.328125;4.7
ta20;1000;5;1645;78.515625;3.4
ta20;1000;10;1639;73.484375;3
ta20;1000;20;1665;72.03125;4.7
ta20;2500;5;1671;194.90625;5
ta20;2500;10;1626;189.15625;2.2
ta20;2500;20;1638;177.515625;3
ta21;50;5;2445;4.5;6.4
ta21;50;10;2481;4.515625;8
ta21;50;20;2401;4;4.5
ta21;100;5;2422;9.375;5.4
ta21;100;10;2406;8.375;4.7
ta21;100;20;2483;8.625;8.1
ta21;250;5;2396;23.015625;4.3
ta21;250;10;2360;22.171875;2.7
ta21;250;20;2400;21.109375;4.5
ta21;500;5;2350;46.78125;2.3
ta21;500;10;2377;44.359375;3.5
ta21;500;20;2366;42.703125;3
ta21;1000;5;2398;93.890625;4.4
ta21;1000;10;2349;93.765625;2.3
ta21;1000;20;2321;86.6875;1
ta21;2500;5;2372;233.953125;3.3
ta21;2500;10;2335;224.546875;1.7
ta21;2500;20;2335;215.53125;1.7
ta22;50;5;2229;4.765625;6.1
ta22;50;10;2183;4.265625;4
ta22;50;20;2262;4.0625;7.7
ta22;100;5;2223;9.390625;5.9
ta22;100;10;2180;8.515625;3.8
ta22;100;20;2237;8.5625;6.5
ta22;250;5;2180;23.125;3.8
ta22;250;10;2227;22.28125;6
ta22;250;20;2201;21.1875;4.8
ta22;500;5;2157;46.640625;2.7
ta22;500;10;2166;44.453125;3.1
ta22;500;20;2211;42.875;5.3
ta22;1000;5;2169;93.234375;3.3
ta22;1000;10;2186;88.53125;4.1
ta22;1000;20;2172;85.6875;3.4
ta22;2500;5;2200;234.015625;4.8
ta22;2500;10;2165;224.0625;3.1
ta22;2500;20;2146;216.125;2.2
ta23;50;5;2429;4.359375;4.4
ta23;50;10;2460;4.578125;5.8
ta23;50;20;2437;4.0625;4.8
ta23;100;5;2414;8.9375;3.8
ta23;100;10;2433;9.421875;4.6
ta23;100;20;2448;8.40625;5.2
ta23;250;5;2415;23.140625;3.8
ta23;250;10;2432;21.84375;4.6
ta23;250;20;2445;21.421875;5.1
ta23;500;5;2395;46.28125;3
ta23;500;10;2369;43.65625;1.8
ta23;500;20;2372;42.984375;2
ta23;1000;5;2397;93.125;3.1
ta23;1000;10;2430;89.671875;4.5
ta23;1000;20;2410;85.859375;3.6
ta23;2500;5;2383;234.4375;2.5
ta23;2500;10;2354;222.953125;1.2
ta23;2500;20;2380;214.890625;2.3
ta24;50;5;2364;4.53125;6.3
ta24;50;10;2366;4.25;6.4
ta24;50;20;2334;4.15625;5
ta24;100;5;2365;9.25;6.4
ta24;100;10;2309;8.671875;3.9
ta24;100;20;2357;8.546875;6
ta24;250;5;2299;23.015625;3.4
ta24;250;10;2320;22.25;4.4
ta24;250;20;2335;21.09375;5
ta24;500;5;2276;47.203125;2.4
ta24;500;10;2282;44.765625;2.7
ta24;500;20;2289;43.140625;3
ta24;1000;5;2285;93.90625;2.8
ta24;1000;10;2322;89.953125;4.5
ta24;1000;20;2286;86.34375;2.8
ta24;2500;5;2324;232.21875;4.5
ta24;2500;10;2251;224.109375;1.3
ta24;2500;20;2279;215.796875;2.5
ta25;50;5;2383;4.40625;4
ta25;50;10;2415;4.8125;5.4
ta25;50;20;2407;4.09375;5.1
ta25;100;5;2376;9.5;3.7
ta25;100;10;2431;8.640625;6.1
ta25;100;20;2391;8.703125;4.4
ta25;250;5;2355;23;2.8
ta25;250;10;2392;22.046875;4.4
ta25;250;20;2403;21.078125;4.9
ta25;500;5;2374;46.953125;3.6
ta25;500;10;2367;44.78125;3.3
ta25;500;20;2358;42.609375;2.9
ta25;1000;5;2414;92.9375;5.4
ta25;1000;10;2335;88.390625;1.9
ta25;1000;20;2355;86.171875;2.8
ta25;2500;5;2319;231.3125;1.2
ta25;2500;10;2313;222.703125;1
ta25;2500;20;2331;214.28125;1.7
ta26;50;5;2321;4.8125;4.3
ta26;50;10;2337;4.125;5
ta26;50;20;2347;3.984375;5.4
ta26;100;5;2298;9.171875;3.2
ta26;100;10;2323;8.53125;4.4
ta26;100;20;2341;8.78125;5.2
ta26;250;5;2298;22.953125;3.2
ta26;250;10;2310;22.5625;3.8
ta26;250;20;2342;21.125;5.2
ta26;500;5;2333;46.703125;4.8
ta26;500;10;2297;44.53125;3.2
ta26;500;20;2279;42.9375;2.4
ta26;1000;5;2310;93.046875;3.8
ta26;1000;10;2248;88.390625;1
ta26;1000;20;2302;86.65625;3.4
ta26;2500;5;2304;233.1875;3.5
ta26;2500;10;2270;227.9375;2
ta26;2500;20;2274;214.515625;2.2
ta27;50;5;2395;4.71875;5.4
ta27;50;10;2390;4.25;5.1
ta27;50;20;2397;4;5.5
ta27;100;5;2387;9.4375;5
ta27;100;10;2412;8.546875;6.1
ta27;100;20;2424;8.828125;6.6
ta27;250;5;2373;22.953125;4.4
ta27;250;10;2374;22.265625;4.4
ta27;250;20;2363;21.046875;4
ta27;500;5;2361;46.734375;3.9
ta27;500;10;2336;44.84375;2.8
ta27;500;20;2359;43.1875;3.8
ta27;1000;5;2381;93.25;4.8
ta27;1000;10;2349;89.546875;3.3
ta27;1000;20;2333;86.546875;2.6
ta27;2500;5;2340;231.484375;2.9
ta27;2500;10;2314;223.359375;1.8
ta27;2500;20;2343;216.59375;3.1
ta28;50;5;2313;4.46875;5.1
ta28;50;10;2316;4.765625;5.3
ta28;50;20;2329;4.390625;5.9
ta28;100;5;2330;9.234375;5.9
ta28;100;10;2348;9.015625;6.7
ta28;100;20;2303;8.71875;4.7
ta28;250;5;2272;23.1875;3.3
ta28;250;10;2288;22.171875;4
ta28;250;20;2320;21.828125;5.5
ta28;500;5;2281;46.734375;3.7
ta28;500;10;2298;44.703125;4.5
ta28;500;20;2275;42.625;3.4
ta28;1000;5;2288;97.6875;4
ta28;1000;10;2268;86.75;3.1
ta28;1000;20;2295;84.671875;4.3
ta28;2500;5;2297;292.53125;4.4
ta28;2500;10;2256;305.953125;2.5
ta28;2500;20;2239;295.078125;1.8
ta29;50;5;2330;5.796875;4.2
ta29;50;10;2372;5.828125;6
ta29;50;20;2361;5.53125;5.5
ta29;100;5;2338;12.65625;4.5
ta29;100;10;2337;11.875;4.5
ta29;100;20;2410;9.34375;7.7
ta29;250;5;2317;23.875;3.6
ta29;250;10;2319;21.59375;3.7
ta29;250;20;2341;20.765625;4.6
ta29;500;5;2266;45.796875;1.3
ta29;500;10;2316;43.4375;3.5
ta29;500;20;2278;43.3125;1.8
ta29;1000;5;2295;91.484375;2.6
ta29;1000;10;2373;87.15625;6.1
ta29;1000;20;2312;83.625;3.4
ta29;2500;5;2312;226.28125;3.4
ta29;2500;10;2253;215.640625;0.7
ta29;2500;20;2282;209.03125;2
ta30;50;5;2347;4.265625;7.8
ta30;50;10;2301;4.078125;5.6
ta30;50;20;2358;3.859375;8.3
ta30;100;5;2300;9.046875;5.6
ta30;100;10;2330;8.3125;7
ta30;100;20;2298;8.09375;5.5
ta30;250;5;2254;22.328125;3.5
ta30;250;10;2334;21.46875;7.2
ta30;250;20;2293;20.59375;5.3
ta30;500;5;2300;45.125;5.6
ta30;500;10;2260;43.1875;3.8
ta30;500;20;2352;41.671875;8
ta30;1000;5;2255;90.609375;3.5
ta30;1000;10;2251;85.953125;3.4
ta30;1000;20;2275;83.015625;4.5
ta30;2500;5;2228;226.125;2.3
ta30;2500;10;2255;215.9375;3.5
ta30;2500;20;2251;208.8125;3.4
ta31;50;5;2763;5.171875;1.4
ta31;50;10;2740;5.390625;0.6
ta31;50;20;2741;4.859375;0.6
ta31;100;5;2752;11.03125;1
ta31;100;10;2756;10.265625;1.2
ta31;100;20;2752;10.046875;1
ta31;250;5;2752;29.515625;1
ta31;250;10;2767;26.3125;1.6
ta31;250;20;2729;25.34375;0.2
ta31;500;5;2752;55.65625;1
ta31;500;10;2752;52.84375;1
ta31;500;20;2752;51.25;1
ta31;1000;5;2752;110.296875;1
ta31;1000;10;2724;105.9375;0
ta31;1000;20;2729;102.4375;0.2
ta31;2500;5;2759;276.734375;1.3
ta31;2500;10;2729;263.875;0.2
ta31;2500;20;2729;255.734375;0.2
ta32;50;5;2961;5.328125;4.5
ta32;50;10;2934;5.046875;3.5
ta32;50;20;2934;5.078125;3.5
ta32;100;5;2927;10.859375;3.3
ta32;100;10;2928;10.09375;3.3
ta32;100;20;2932;10.21875;3.5
ta32;250;5;2887;28.25;1.9
ta32;250;10;2885;26.9375;1.8
ta32;250;20;2894;25.5;2.1
ta32;500;5;2907;54.875;2.6
ta32;500;10;2890;52.703125;2
ta32;500;20;2890;51.078125;2
ta32;1000;5;2884;110.75;1.8
ta32;1000;10;2863;104.9375;1
ta32;1000;20;2890;102.4375;2
ta32;2500;5;2905;275.453125;2.5
ta32;2500;10;2863;263.125;1
ta32;2500;20;2882;255.859375;1.7
ta33;50;5;2694;5.75;2.8
ta33;50;10;2686;5.09375;2.5
ta33;50;20;2715;4.9375;3.6
ta33;100;5;2682;11.125;2.3
ta33;100;10;2678;10.578125;2.2
ta33;100;20;2685;9.90625;2.4
ta33;250;5;2664;27.671875;1.6
ta33;250;10;2646;26.5625;1
ta33;250;20;2666;25.25;1.7
ta33;500;5;2676;55.46875;2.1
ta33;500;10;2666;52.4375;1.7
ta33;500;20;2641;50.734375;0.8
ta33;1000;5;2679;110.1875;2.2
ta33;1000;10;2650;106.171875;1.1
ta33;1000;20;2645;102.34375;0.9
ta33;2500;5;2655;276.296875;1.3
ta33;2500;10;2646;263.578125;1
ta33;2500;20;2630;255.015625;0.3
ta34;50;5;2840;5.296875;3.2
ta34;50;10;2820;5.28125;2.5
ta34;50;20;2848;4.9375;3.5
ta34;100;5;2799;10.984375;1.7
ta34;100;10;2843;10.328125;3.3
ta34;100;20;2884;10.1875;4.8
ta34;250;5;2848;27.390625;3.5
ta34;250;10;2817;26;2.4
ta34;250;20;2801;25.421875;1.8
ta34;500;5;2843;55.234375;3.3
ta34;500;10;2848;53.359375;3.5
ta34;500;20;2782;50.546875;1.1
ta34;1000;5;2823;110.46875;2.6
ta34;1000;10;2770;104.984375;0.7
ta34;1000;20;2770;101.578125;0.7
ta34;2500;5;2782;275.609375;1.1
ta34;2500;10;2782;263.734375;1.1
ta34;2500;20;2782;255.140625;1.1
ta35;50;5;2930;5.640625;2.3
ta35;50;10;2965;5.140625;3.6
ta35;50;20;2900;4.890625;1.3
ta35;100;5;2891;11.125;1
ta35;100;10;2919;10.84375;2
ta35;100;20;2908;9.828125;1.6
ta35;250;5;2891;27.625;1
ta35;250;10;2891;26.40625;1
ta35;250;20;2886;25.125;0.8
ta35;500;5;2887;55.078125;0.8
ta35;500;10;2886;52.765625;0.8
ta35;500;20;2890;51.046875;0.9
ta35;1000;5;2887;111.34375;0.8
ta35;1000;10;2890;106.09375;0.9
ta35;1000;20;2890;103.109375;0.9
ta35;2500;5;2871;276.65625;0.3
ta35;2500;10;2887;265.4375;0.8
ta35;2500;20;2864;257.265625;0
ta36;50;5;2903;5.4375;2.6
ta36;50;10;2929;5.34375;3.5
ta36;50;20;2929;4.96875;3.5
ta36;100;5;2883;11.125;1.9
ta36;100;10;2865;10.59375;1.3
ta36;100;20;2886;9.9375;2
ta36;250;5;2874;27.734375;1.6
ta36;250;10;2874;26.4375;1.6
ta36;250;20;2874;25.21875;1.6
ta36;500;5;2854;55.21875;0.9
ta36;500;10;2857;52.40625;1
ta36;500;20;2835;50.53125;0.2
ta36;1000;5;2883;110.546875;1.9
ta36;1000;10;2870;105.921875;1.4
ta36;1000;20;2832;101.296875;0.1
ta36;2500;5;2846;276.140625;0.6
ta36;2500;10;2852;263.65625;0.8
ta36;2500;20;2835;255.515625;0.2
ta37;50;5;2840;5.390625;4.2
ta37;50;10;2835;5.0625;4
ta37;50;20;2810;5.25;3.1
ta37;100;5;2858;10.578125;4.9
ta37;100;10;2809;10.515625;3.1
ta37;100;20;2826;10.328125;3.7
ta37;250;5;2798;27.3125;2.7
ta37;250;10;2818;26.3125;3.4
ta37;250;20;2796;25.515625;2.6
ta37;500;5;2789;55.09375;2.3
ta37;500;10;2771;54.25;1.7
ta37;500;20;2761;50.765625;1.3
ta37;1000;5;2782;111.078125;2.1
ta37;1000;10;2758;105.15625;1.2
ta37;1000;20;2741;101.796875;0.6
ta37;2500;5;2795;275.96875;2.6
ta37;2500;10;2746;263.625;0.8
ta37;2500;20;2746;254.3125;0.8
ta38;50;5;2769;5.25;3.2
ta38;50;10;2789;5.40625;4
ta38;50;20;2774;4.921875;3.4
ta38;100;5;2753;11.078125;2.6
ta38;100;10;2724;10.234375;1.5
ta38;100;20;2765;10.09375;3.1
ta38;250;5;2725;27.671875;1.6
ta38;250;10;2756;26.09375;2.7
ta38;250;20;2762;25.46875;2.9
ta38;500;5;2744;55.265625;2.3
ta38;500;10;2738;52.6875;2
ta38;500;20;2730;50.859375;1.8
ta38;1000;5;2742;110.984375;2.2
ta38;1000;10;2717;105.1875;1.3
ta38;1000;20;2730;101.953125;1.8
ta38;2500;5;2719;276.125;1.3
ta38;2500;10;2707;262.15625;0.9
ta38;2500;20;2707;253.921875;0.9
ta39;50;5;2671;5.71875;4.7
ta39;50;10;2645;5.03125;3.6
ta39;50;20;2655;4.78125;4
ta39;100;5;2617;10.953125;2.5
ta39;100;10;2603;10.578125;2
ta39;100;20;2653;9.796875;4
ta39;250;5;2619;27.734375;2.6
ta39;250;10;2589;26.265625;1.4
ta39;250;20;2626;25.15625;2.9
ta39;500;5;2632;55.421875;3.1
ta39;500;10;2610;52.375;2.3
ta39;500;20;2615;50.78125;2.5
ta39;1000;5;2593;109.859375;1.6
ta39;1000;10;2590;104.828125;1.5
ta39;1000;20;2587;101.296875;1.4
ta39;2500;5;2620;275.3125;2.7
ta39;2500;10;2597;264.078125;1.8
ta39;2500;20;2577;255.3125;1
ta40;50;5;2803;5.265625;0.8
ta40;50;10;2825;4.984375;1.5
ta40;50;20;2870;5.109375;3.2
ta40;100;5;2806;10.609375;0.9
ta40;100;10;2801;10.546875;0.7
ta40;100;20;2784;10.109375;0.1
ta40;250;5;2832;27.078125;1.8
ta40;250;10;2818;26.671875;1.3
ta40;250;20;2843;25.8125;2.2
ta40;500;5;2792;54.625;0.4
ta40;500;10;2792;52.375;0.4
ta40;500;20;2832;51.5;1.8
ta40;1000;5;2792;109.953125;0.4
ta40;1000;10;2783;105.59375;0
ta40;1000;20;2783;102.34375;0
ta40;2500;5;2789;276.109375;0.3
ta40;2500;10;2784;264.15625;0.1
ta40;2500;20;2789;255.703125;0.3
ta41;50;5;3326;6.34375;10
ta41;50;10;3279;6.046875;8.4
ta41;50;20;3368;5.625;11.3
ta41;100;5;3292;12.828125;8.8
ta41;100;10;3251;12.1875;7.5
ta41;100;20;3282;11.953125;8.5
ta41;250;5;3298;32.03125;9
ta41;250;10;3238;30.1875;7
ta41;250;20;3193;29.265625;5.6
ta41;500;5;3271;64.234375;8.1
ta41;500;10;3206;60.984375;6
ta41;500;20;3180;59.0625;5.1
ta41;1000;5;3221;127.859375;6.5
ta41;1000;10;3204;122.453125;5.9
ta41;1000;20;3162;118.109375;4.5
ta41;2500;5;3263;321.46875;7.9
ta41;2500;10;3172;307.46875;4.9
ta41;2500;20;3169;296.765625;4.8
ta42;50;5;3193;6.03125;10.4
ta42;50;10;3191;6.359375;10.3
ta42;50;20;3180;5.703125;10
ta42;100;5;3175;12.84375;9.8
ta42;100;10;3139;12.09375;8.5
ta42;100;20;3193;11.53125;10.4
ta42;250;5;3194;32.109375;10.4
ta42;250;10;3126;30.5;8.1
ta42;250;20;3093;30.859375;7
ta42;500;5;3124;63.78125;8
ta42;500;10;3056;61;5.7
ta42;500;20;3103;59.921875;7.3
ta42;1000;5;3143;127.875;8.7
ta42;1000;10;3112;122.125;7.6
ta42;1000;20;3009;117.71875;4
ta42;2500;5;3116;320.390625;7.7
ta42;2500;10;3041;305.6875;5.2
ta42;2500;20;3072;297.53125;6.2
ta43;50;5;3191;6.265625;11.4
ta43;50;10;3223;5.84375;12.5
ta43;50;20;3182;6.0625;11.1
ta43;100;5;3131;12.578125;9.3
ta43;100;10;3124;11.875;9.1
ta43;100;20;3202;11.84375;11.8
ta43;250;5;3147;31.703125;9.9
ta43;250;10;3145;30.4375;9.8
ta43;250;20;3141;29.546875;9.7
ta43;500;5;3119;63.765625;8.9
ta43;500;10;3099;61.015625;8.2
ta43;500;20;3038;59.3125;6.1
ta43;1000;5;3126;127.78125;9.1
ta43;1000;10;3071;122.046875;7.2
ta43;1000;20;3055;118.671875;6.7
ta43;2500;5;3079;320.421875;7.5
ta43;2500;10;3036;305.140625;6
ta43;2500;20;3038;297.609375;6.1
ta44;50;5;3345;6.5;9.2
ta44;50;10;3337;5.953125;8.9
ta44;50;20;3329;5.8125;8.6
ta44;100;5;3290;12.765625;7.4
ta44;100;10;3278;12.421875;7
ta44;100;20;3309;11.828125;8
ta44;250;5;3284;31.84375;7.2
ta44;250;10;3274;30.328125;6.9
ta44;250;20;3243;29.28125;5.8
ta44;500;5;3284;64.234375;7.2
ta44;500;10;3175;60.71875;3.6
ta44;500;20;3205;58.875;4.6
ta44;1000;5;3288;128.59375;7.3
ta44;1000;10;3191;121.875;4.1
ta44;1000;20;3189;118.890625;4.1
ta44;2500;5;3308;319.71875;8
ta44;2500;10;3199;306.578125;4.4
ta44;2500;20;3178;296.578125;3.7
ta45;50;5;3295;6.109375;10.3
ta45;50;10;3283;6.1875;9.9
ta45;50;20;3350;5.703125;12.2
ta45;100;5;3376;12.8125;13.1
ta45;100;10;3271;12.203125;9.5
ta45;100;20;3240;11.578125;8.5
ta45;250;5;3235;31.875;8.3
ta45;250;10;3191;30.46875;6.9
ta45;250;20;3230;29.4375;8.2
ta45;500;5;3275;63.734375;9.7
ta45;500;10;3205;60.671875;7.3
ta45;500;20;3292;59.34375;10.2
ta45;1000;5;3270;127.84375;9.5
ta45;1000;10;3197;122.921875;7.1
ta45;1000;20;3152;117.53125;5.6
ta45;2500;5;3230;319.953125;8.2
ta45;2500;10;3134;305.484375;5
ta45;2500;20;3147;296.265625;5.4
ta46;50;5;3246;6.53125;8
ta46;50;10;3297;5.953125;9.7
ta46;50;20;3277;5.640625;9
ta46;100;5;3211;12.875;6.8
ta46;100;10;3269;12.09375;8.7
ta46;100;20;3343;11.71875;11.2
ta46;250;5;3226;32.21875;7.3
ta46;250;10;3224;30.453125;7.3
ta46;250;20;3237;29.609375;7.7
ta46;500;5;3206;65.6875;6.7
ta46;500;10;3185;82.296875;6
ta46;500;20;3187;70.5625;6
ta46;1000;5;3260;164.609375;8.4
ta46;1000;10;3224;158.375;7.3
ta46;1000;20;3155;158.234375;5
ta46;2500;5;3241;432.703125;7.8
ta46;2500;10;3159;434.90625;5.1
ta46;2500;20;3115;392.875;3.6
ta47;50;5;3385;8.59375;8.9
ta47;50;10;3361;7.9375;8.2
ta47;50;20;3327;7.84375;7.1
ta47;100;5;3314;16.46875;6.7
ta47;100;10;3339;15.96875;7.5
ta47;100;20;3331;16.0625;7.2
ta47;250;5;3365;42.4375;8.3
ta47;250;10;3262;39.296875;5
ta47;250;20;3333;38.015625;7.3
ta47;500;5;3302;84.59375;6.3
ta47;500;10;3272;79.578125;5.3
ta47;500;20;3241;77;4.3
ta47;1000;5;3308;168.875;6.5
ta47;1000;10;3248;163.46875;4.5
ta47;1000;20;3267;158.640625;5.1
ta47;2500;5;3291;423.375;5.9
ta47;2500;10;3275;456.640625;5.4
ta47;2500;20;3203;442.265625;3.1
ta48;50;5;3285;9.265625;8.1
ta48;50;10;3332;8.96875;9.6
ta48;50;20;3267;8.828125;7.5
ta48;100;5;3274;18.703125;7.7
ta48;100;10;3295;18.671875;8.4
ta48;100;20;3273;17.34375;7.7
ta48;250;5;3263;42.3125;7.4
ta48;250;10;3219;37.625;5.9
ta48;250;20;3240;37.015625;6.6
ta48;500;5;3259;80.9375;7.2
ta48;500;10;3225;76.4375;6.1
ta48;500;20;3210;72.875;5.6
ta48;1000;5;3275;156.953125;7.8
ta48;1000;10;3211;151.53125;5.7
ta48;1000;20;3203;145.625;5.4
ta48;2500;5;3237;399.375;6.5
ta48;2500;10;3196;399.390625;5.2
ta48;2500;20;3164;396.609375;4.1
ta49;50;5;3254;8.359375;12.1
ta49;50;10;3193;7.265625;10
ta49;50;20;3143;7.671875;8.3
ta49;100;5;3132;15.703125;7.9
ta49;100;10;3171;15.421875;9.3
ta49;100;20;3177;14.59375;9.5
ta49;250;5;3194;39.140625;10.1
ta49;250;10;3096;37.921875;6.7
ta49;250;20;3133;36.21875;8
ta49;500;5;3148;81;8.5
ta49;500;10;3075;79.9375;6
ta49;500;20;3082;81.796875;6.2
ta49;1000;5;3167;172.421875;9.1
ta49;1000;10;3099;169.734375;6.8
ta49;1000;20;3103;162.171875;6.9
ta49;2500;5;3117;424.828125;7.4
ta49;2500;10;3026;393.390625;4.3
ta49;2500;20;3071;362.96875;5.8
ta50;50;5;3326;6.78125;7.6
ta50;50;10;3348;6.9375;8.3
ta50;50;20;3343;6.25;8.2
ta50;100;5;3376;14.09375;9.2
ta50;100;10;3285;13.53125;6.3
ta50;100;20;3359;13.890625;8.7
ta50;250;5;3288;37.015625;6.4
ta50;250;10;3289;35.75;6.4
ta50;250;20;3282;32.703125;6.2
ta50;500;5;3313;69.625;7.2
ta50;500;10;3255;69.9375;5.3
ta50;500;20;3315;64.984375;7.2
ta50;1000;5;3336;148.078125;7.9
ta50;1000;10;3264;158.765625;5.6
ta50;1000;20;3234;134.25;4.6
ta50;2500;5;3307;364.28125;7
ta50;2500;10;3250;370.359375;5.1
ta50;2500;20;3215;337.96875;4
ta51;50;5;4277;10.15625;10.4
ta51;50;10;4376;9.75;12.9
ta51;50;20;4297;8.875;10.9
ta51;100;5;4256;17.609375;9.8
ta51;100;10;4229;16.796875;9.1
ta51;100;20;4269;17.9375;10.2
ta51;250;5;4218;50.859375;8.9
ta51;250;10;4164;45.34375;7.5
ta51;250;20;4138;41.96875;6.8
ta51;500;5;4199;97.265625;8.4
ta51;500;10;4129;88.265625;6.6
ta51;500;20;4181;84.578125;7.9
ta51;1000;5;4224;181.140625;9
ta51;1000;10;4084;177.359375;5.4
ta51;1000;20;4099;169.859375;5.8
ta51;2500;5;4238;446.734375;9.4
ta51;2500;10;4097;424.96875;5.7
ta51;2500;20;4041;421.625;4.3
ta52;50;5;4116;8.125;10.8
ta52;50;10;4197;8.484375;13
ta52;50;20;4118;7.671875;10.8
ta52;100;5;4177;18.390625;12.4
ta52;100;10;4081;16.109375;9.9
ta52;100;20;4146;16.0625;11.6
ta52;250;5;4096;42.140625;10.3
ta52;250;10;4062;41.203125;9.3
ta52;250;20;4073;39.90625;9.6
ta52;500;5;4098;86.265625;10.3
ta52;500;10;4069;86.09375;9.5
ta52;500;20;4086;86.875;10
ta52;1000;5;4136;185.03125;11.3
ta52;1000;10;3994;174.71875;7.5
ta52;1000;20;3937;170.90625;6
ta52;2500;5;4046;452.453125;8.9
ta52;2500;10;4000;437.828125;7.7
ta52;2500;20;3950;432.015625;6.3
ta53;50;5;4091;8.859375;11.5
ta53;50;10;4061;8.0625;10.7
ta53;50;20;4120;8.046875;12.3
ta53;100;5;4138;16.875;12.8
ta53;100;10;4075;16.84375;11.1
ta53;100;20;3978;15.6875;8.5
ta53;250;5;4034;42.109375;10
ta53;250;10;3986;40.875;8.7
ta53;250;20;3993;39.296875;8.9
ta53;500;5;4076;87.53125;11.1
ta53;500;10;4021;89.34375;9.6
ta53;500;20;4006;87.640625;9.2
ta53;1000;5;4044;180.96875;10.3
ta53;1000;10;4036;178.203125;10
ta53;1000;20;3938;179.265625;7.4
ta53;2500;5;3997;540.0625;9
ta53;2500;10;3963;500.984375;8
ta53;2500;20;3947;480.203125;7.6
ta54;50;5;4216;12.609375;12.4
ta54;50;10;4153;12.234375;10.7
ta54;50;20;4175;11.609375;11.3
ta54;100;5;4128;25.59375;10
ta54;100;10;4108;23.953125;9.5
ta54;100;20;4140;23.65625;10.3
ta54;250;5;4091;50.484375;9
ta54;250;10;4059;41.859375;8.2
ta54;250;20;4075;43.359375;8.6
ta54;500;5;4094;91.234375;9.1
ta54;500;10;4017;87.1875;7.1
ta54;500;20;4013;84.53125;7
ta54;1000;5;4069;181.421875;8.4
ta54;1000;10;4005;175.21875;6.7
ta54;1000;20;4072;169.78125;8.5
ta54;2500;5;4067;467.296875;8.4
ta54;2500;10;4020;461.953125;7.1
ta54;2500;20;3933;401.640625;4.8
ta55;50;5;4183;8.65625;15.1
ta55;50;10;4114;8.109375;13.2
ta55;50;20;4221;8.03125;16.1
ta55;100;5;4131;17.125;13.6
ta55;100;10;4058;16.296875;11.6
ta55;100;20;4070;16.03125;12
ta55;250;5;4050;43.171875;11.4
ta55;250;10;4022;41.109375;10.6
ta55;250;20;4075;39.8125;12.1
ta55;500;5;4080;85.359375;12.2
ta55;500;10;4000;82.71875;10
ta55;500;20;3959;80.09375;8.9
ta55;1000;5;4104;178.328125;12.9
ta55;1000;10;3902;164.796875;7.3
ta55;1000;20;3903;154.921875;7.4
ta55;2500;5;4062;411.875;11.7
ta55;2500;10;3957;394.65625;8.9
ta55;2500;20;3886;392.203125;6.9
ta56;50;5;4080;8.40625;10.3
ta56;50;10;4059;7.71875;9.8
ta56;50;20;4137;7.875;11.9
ta56;100;5;4155;16.84375;12.4
ta56;100;10;4166;15.96875;12.7
ta56;100;20;4113;15.59375;11.2
ta56;250;5;4105;42.1875;11
ta56;250;10;4024;39.609375;8.8
ta56;250;20;4045;39.421875;9.4
ta56;500;5;4067;83.671875;10
ta56;500;10;4042;80.21875;9.3
ta56;500;20;4022;78.34375;8.8
ta56;1000;5;4080;168.109375;10.3
ta56;1000;10;4009;161.28125;8.4
ta56;1000;20;3976;155.890625;7.5
ta56;2500;5;4138;420.15625;11.9
ta56;2500;10;3942;401.953125;6.6
ta56;2500;20;3987;392;7.8
ta57;50;5;4139;8.46875;11.4
ta57;50;10;4135;7.71875;11.3
ta57;50;20;4169;7.890625;12.2
ta57;100;5;4168;16.609375;12.2
ta57;100;10;4148;15.890625;11.6
ta57;100;20;4077;15.546875;9.7
ta57;250;5;4082;41.46875;9.8
ta57;250;10;4072;40.15625;9.6
ta57;250;20;4094;39.546875;10.2
ta57;500;5;4061;84.3125;9.3
ta57;500;10;4026;80.109375;8.3
ta57;500;20;4046;77.8125;8.9
ta57;1000;5;4073;166.25;9.6
ta57;1000;10;4010;158.796875;7.9
ta57;1000;20;3958;155.09375;6.5
ta57;2500;5;4153;415.484375;11.8
ta57;2500;10;3958;399.234375;6.5
ta57;2500;20;3935;386.9375;5.9
ta58;50;5;4198;8.484375;13.2
ta58;50;10;4152;7.640625;11.9
ta58;50;20;4100;7.6875;10.5
ta58;100;5;4180;16.8125;12.7
ta58;100;10;4093;15.90625;10.4
ta58;100;20;4056;15.421875;9.4
ta58;250;5;4150;41.484375;11.9
ta58;250;10;4127;40.078125;11.3
ta58;250;20;4084;46.578125;10.1
ta58;500;5;4118;87.703125;11
ta58;500;10;4016;77.640625;8.3
ta58;500;20;4009;75.71875;8.1
ta58;1000;5;4135;163.40625;11.5
ta58;1000;10;4014;156.765625;8.2
ta58;1000;20;4051;156.515625;9.2
ta58;2500;5;4142;418.4375;11.7
ta58;2500;10;4015;400.140625;8.3
ta58;2500;20;3964;389.109375;6.9
ta59;50;5;4129;8.4375;9.7
ta59;50;10;4183;7.734375;11.1
ta59;50;20;4285;7.8125;13.8
ta59;100;5;4167;16.5;10.7
ta59;100;10;4185;16.390625;11.2
ta59;100;20;4232;15.46875;12.4
ta59;250;5;4181;41.875;11
ta59;250;10;4137;40.078125;9.9
ta59;250;20;4122;38.984375;9.5
ta59;500;5;4095;83.078125;8.8
ta59;500;10;4057;80.078125;7.8
ta59;500;20;4066;78.265625;8
ta59;1000;5;4098;166.59375;8.8
ta59;1000;10;4056;160.96875;7.7
ta59;1000;20;3965;155.40625;5.3
ta59;2500;5;4164;414.75;10.6
ta59;2500;10;3999;398.75;6.2
ta59;2500;20;4045;393.5;7.4
ta60;50;5;4243;8.578125;12.3
ta60;50;10;4217;7.859375;11.6
ta60;50;20;4222;7.703125;11.8
ta60;100;5;4181;16.828125;10.7
ta60;100;10;4074;15.96875;7.9
ta60;100;20;4174;15.296875;10.5
ta60;250;5;4151;41.828125;9.9
ta60;250;10;4136;40.265625;9.5
ta60;250;20;4116;39.3125;9
ta60;500;5;4183;83.71875;10.7
ta60;500;10;4054;80.484375;7.3
ta60;500;20;4098;78.421875;8.5
ta60;1000;5;4149;168.5;9.8
ta60;1000;10;4006;161.734375;6.1
ta60;1000;20;4001;172.375;5.9
ta60;2500;5;4183;527.453125;10.7
ta60;2500;10;4002;569.5;6
ta60;2500;20;3982;565.1875;5.4
ta61;50;5;5527;13.796875;0.6
ta61;50;10;5565;12.875;1.3
ta61;50;20;5527;12.03125;0.6
ta61;100;5;5562;21.515625;1.3
ta61;100;10;5527;24.359375;0.6
ta61;100;20;5527;23.125;0.6
ta61;250;5;5500;59.421875;0.1
ta61;250;10;5530;49.3125;0.7
ta61;250;20;5507;45.65625;0.3
ta61;500;5;5500;97.421875;0.1
ta61;500;10;5527;101.484375;0.6
ta61;500;20;5531;88.40625;0.7
ta61;1000;5;5527;200.1875;0.6
ta61;1000;10;5495;203.40625;0
ta61;1000;20;5495;210.421875;0
ta61;2500;5;5527;551.0625;0.6
ta61;2500;10;5519;525.21875;0.5
ta61;2500;20;5495;502.765625;0
ta62;50;5;5344;11.453125;1.4
ta62;50;10;5400;10.65625;2.5
ta62;50;20;5367;10.140625;1.9
ta62;100;5;5335;22.6875;1.3
ta62;100;10;5371;21.46875;2
ta62;100;20;5316;21.5625;0.9
ta62;250;5;5316;56.890625;0.9
ta62;250;10;5302;53.671875;0.6
ta62;250;20;5316;52.328125;0.9
ta62;500;5;5294;112.9375;0.5
ta62;500;10;5302;101.640625;0.6
ta62;500;20;5316;103.28125;0.9
ta62;1000;5;5316;220.40625;0.9
ta62;1000;10;5290;182.484375;0.4
ta62;1000;20;5290;177.15625;0.4
ta62;2500;5;5297;474.296875;0.6
ta62;2500;10;5316;501.53125;0.9
ta62;2500;20;5290;502.5625;0.4
ta63;50;5;5330;11.171875;3
ta63;50;10;5286;10.46875;2.1
ta63;50;20;5295;9.921875;2.3
ta63;100;5;5252;21.765625;1.5
ta63;100;10;5267;17.984375;1.8
ta63;100;20;5278;18.109375;2
ta63;250;5;5278;51.28125;2
ta63;250;10;5219;50.296875;0.9
ta63;250;20;5257;48.90625;1.6
ta63;500;5;5236;102.796875;1.2
ta63;500;10;5219;110.859375;0.9
ta63;500;20;5221;96.625;0.9
ta63;1000;5;5272;221.625;1.9
ta63;1000;10;5219;212.390625;0.9
ta63;1000;20;5235;204.234375;1.2
ta63;2500;5;5228;574.390625;1
ta63;2500;10;5222;532.015625;0.9
ta63;2500;20;5221;505.390625;0.9
ta64;50;5;5080;9.15625;1.3
ta64;50;10;5061;9.015625;0.9
ta64;50;20;5095;8.71875;1.6
ta64;100;5;5078;18.90625;1.3
ta64;100;10;5083;17.875;1.4
ta64;100;20;5061;17.40625;0.9
ta64;250;5;5044;47.125;0.6
ta64;250;10;5109;45.125;1.9
ta64;250;20;5086;44.203125;1.4
ta64;500;5;5050;95.265625;0.7
ta64;500;10;5049;90;0.7
ta64;500;20;5044;88.421875;0.6
ta64;1000;5;5066;206.375;1
ta64;1000;10;5044;183.0625;0.6
ta64;1000;20;5044;174.6875;0.6
ta64;2500;5;5044;469.90625;0.6
ta64;2500;10;5032;453.921875;0.4
ta64;2500;20;5044;434.859375;0.6
ta65;50;5;5336;9.25;1.6
ta65;50;10;5345;7.96875;1.8
ta65;50;20;5316;7.9375;1.3
ta65;100;5;5395;16.3125;2.8
ta65;100;10;5373;16.171875;2.3
ta65;100;20;5334;16.109375;1.6
ta65;250;5;5313;42.4375;1.2
ta65;250;10;5332;41.734375;1.6
ta65;250;20;5342;40.046875;1.8
ta65;500;5;5321;82.65625;1.4
ta65;500;10;5313;79.453125;1.2
ta65;500;20;5311;76.03125;1.2
ta65;1000;5;5314;167.65625;1.2
ta65;1000;10;5285;164.125;0.7
ta65;1000;20;5311;148.703125;1.2
ta65;2500;5;5311;427.90625;1.2
ta65;2500;10;5265;500.125;0.3
ta65;2500;20;5267;487.21875;0.3
ta66;50;5;5174;9.453125;0.8
ta66;50;10;5216;9.390625;1.6
ta66;50;20;5190;8.515625;1.1
ta66;100;5;5212;19.109375;1.5
ta66;100;10;5178;18.453125;0.8
ta66;100;20;5185;17.921875;1
ta66;250;5;5202;47.765625;1.3
ta66;250;10;5161;46.375;0.5
ta66;250;20;5146;45.1875;0.2
ta66;500;5;5164;95.5625;0.6
ta66;500;10;5160;91.328125;0.5
ta66;500;20;5160;88.453125;0.5
ta66;1000;5;5192;191.328125;1.1
ta66;1000;10;5150;182.40625;0.3
ta66;1000;20;5160;176.453125;0.5
ta66;2500;5;5161;475.140625;0.5
ta66;2500;10;5146;448.34375;0.2
ta66;2500;20;5146;437.453125;0.2
ta67;50;5;5391;9.125;2.8
ta67;50;10;5385;8.984375;2.6
ta67;50;20;5323;8.265625;1.5
ta67;100;5;5328;18.65625;1.6
ta67;100;10;5343;17.625;1.8
ta67;100;20;5357;17.140625;2.1
ta67;250;5;5326;46.875;1.5
ta67;250;10;5317;45.765625;1.4
ta67;250;20;5304;43.515625;1.1
ta67;500;5;5305;93.6875;1.1
ta67;500;10;5304;90.515625;1.1
ta67;500;20;5304;88.296875;1.1
ta67;1000;5;5355;187.546875;2.1
ta67;1000;10;5305;179.484375;1.1
ta67;1000;20;5284;178.75;0.7
ta67;2500;5;5326;465.375;1.5
ta67;2500;10;5284;441.109375;0.7
ta67;2500;20;5273;429.015625;0.5
ta68;50;5;5279;9.15625;3.4
ta68;50;10;5233;8.515625;2.5
ta68;50;20;5204;8.390625;1.9
ta68;100;5;5222;18.265625;2.3
ta68;100;10;5177;17.34375;1.4
ta68;100;20;5201;16.953125;1.9
ta68;250;5;5166;45.984375;1.2
ta68;250;10;5146;43.984375;0.8
ta68;250;20;5197;42.3125;1.8
ta68;500;5;5160;91.578125;1.1
ta68;500;10;5169;87.328125;1.2
ta68;500;20;5146;84.3125;0.8
ta68;1000;5;5163;183.640625;1.1
ta68;1000;10;5149;175.640625;0.8
ta68;1000;20;5130;170.609375;0.5
ta68;2500;5;5187;457.796875;1.6
ta68;2500;10;5130;438.46875;0.5
ta68;2500;20;5137;428.625;0.6
ta69;50;5;5519;9.1875;1.2
ta69;50;10;5539;8.40625;1.6
ta69;50;20;5616;8.53125;3
ta69;100;5;5552;18.25;1.8
ta69;100;10;5530;17.5625;1.4
ta69;100;20;5548;16.96875;1.7
ta69;250;5;5527;45.796875;1.3
ta69;250;10;5524;44.125;1.3
ta69;250;20;5536;43.0625;1.5
ta69;500;5;5508;91.96875;1
ta69;500;10;5506;88.375;1
ta69;500;20;5506;85.359375;1
ta69;1000;5;5513;183.484375;1.1
ta69;1000;10;5536;176.328125;1.5
ta69;1000;20;5524;171.96875;1.3
ta69;2500;5;5541;460.84375;1.6
ta69;2500;10;5485;439.59375;0.6
ta69;2500;20;5506;444.140625;1
ta70;50;5;5464;8.96875;2.6
ta70;50;10;5452;8.8125;2.3
ta70;50;20;5396;8.46875;1.3
ta70;100;5;5411;19.609375;1.6
ta70;100;10;5419;19.8125;1.7
ta70;100;20;5413;17.171875;1.6
ta70;250;5;5390;47.484375;1.2
ta70;250;10;5386;45.96875;1.1
ta70;250;20;5362;43.921875;0.6
ta70;500;5;5386;104.265625;1.1
ta70;500;10;5370;96.578125;0.8
ta70;500;20;5370;90.578125;0.8
ta70;1000;5;5386;210.921875;1.1
ta70;1000;10;5372;195.484375;0.8
ta70;1000;20;5346;188.453125;0.3
ta70;2500;5;5451;520.140625;2.3
ta70;2500;10;5360;525.34375;0.6
ta70;2500;20;5346;496.375;0.3
ta71;50;5;6196;10.640625;7.4
ta71;50;10;6187;10.53125;7.2
ta71;50;20;6099;10.171875;5.7
ta71;100;5;6163;21.859375;6.8
ta71;100;10;6144;21.390625;6.5
ta71;100;20;6132;20.53125;6.3
ta71;250;5;6147;54.296875;6.5
ta71;250;10;6082;52.8125;5.4
ta71;250;20;6035;49.859375;4.6
ta71;500;5;6134;108.84375;6.3
ta71;500;10;6048;102.96875;4.8
ta71;500;20;6123;99.921875;6.1
ta71;1000;5;6081;216.296875;5.4
ta71;1000;10;6082;206.734375;5.4
ta71;1000;20;6106;201.171875;5.8
ta71;2500;5;6047;538.59375;4.8
ta71;2500;10;6010;514.109375;4.2
ta71;2500;20;6000;499.203125;4
ta72;50;5;5796;10.859375;8.4
ta72;50;10;5803;10.515625;8.5
ta72;50;20;5741;9.546875;7.3
ta72;100;5;5818;21.609375;8.8
ta72;100;10;5633;20.09375;5.3
ta72;100;20;5751;19.515625;7.5
ta72;250;5;5805;53.640625;8.5
ta72;250;10;5647;51.171875;5.6
ta72;250;20;5571;50.6875;4.2
ta72;500;5;5747;107.03125;7.4
ta72;500;10;5654;103.484375;5.7
ta72;500;20;5643;99.359375;5.5
ta72;1000;5;5770;214.703125;7.9
ta72;1000;10;5575;205.53125;4.2
ta72;1000;20;5650;199.625;5.6
ta72;2500;5;5694;537.796875;6.4
ta72;2500;10;5584;514.046875;4.4
ta72;2500;20;5525;496.96875;3.3
ta73;50;5;6060;10.46875;6.7
ta73;50;10;6024;10.21875;6.1
ta73;50;20;6044;9.84375;6.5
ta73;100;5;5961;21.8125;5
ta73;100;10;5889;20.328125;3.7
ta73;100;20;5996;20.203125;5.6
ta73;250;5;5864;52.953125;3.3
ta73;250;10;5903;51.203125;4
ta73;250;20;5923;49.4375;4.3
ta73;500;5;5932;106.9375;4.5
ta73;500;10;5818;101.984375;2.5
ta73;500;20;5891;99.71875;3.8
ta73;1000;5;5909;215.375;4.1
ta73;1000;10;5908;207.25;4.1
ta73;1000;20;5913;203.21875;4.2
ta73;2500;5;5958;537.09375;4.9
ta73;2500;10;5843;516.75;2.9
ta73;2500;20;5789;499.4375;2
ta74;50;5;6261;10.78125;8.1
ta74;50;10;6211;10.359375;7.3
ta74;50;20;6295;9.6875;8.7
ta74;100;5;6305;21.5;8.9
ta74;100;10;6191;20.671875;6.9
ta74;100;20;6195;19.984375;7
ta74;250;5;6213;54.09375;7.3
ta74;250;10;6174;52.078125;6.6
ta74;250;20;6076;49.8125;4.9
ta74;500;5;6255;107.625;8
ta74;500;10;6106;103.03125;5.4
ta74;500;20;6141;99.546875;6
ta74;1000;5;6217;213.25;7.4
ta74;1000;10;6108;206.296875;5.5
ta74;1000;20;6069;198.671875;4.8
ta74;2500;5;6193;536.890625;6.9
ta74;2500;10;6170;514.21875;6.5
ta74;2500;20;6041;498.359375;4.3
ta75;50;5;5935;10.546875;8.5
ta75;50;10;5950;10.390625;8.8
ta75;50;20;5954;9.796875;8.9
ta75;100;5;5996;21.0625;9.7
ta75;100;10;5861;20.375;7.2
ta75;100;20;5873;20.03125;7.4
ta75;250;5;5864;53.09375;7.2
ta75;250;10;5805;51.484375;6.2
ta75;250;20;5806;49.828125;6.2
ta75;500;5;5813;107.4375;6.3
ta75;500;10;5795;102.65625;6
ta75;500;20;5784;99.625;5.8
ta75;1000;5;5902;215.21875;7.9
ta75;1000;10;5761;205.96875;5.4
ta75;1000;20;5839;198.75;6.8
ta75;2500;5;5933;536.171875;8.5
ta75;2500;10;5744;515.390625;5
ta75;2500;20;5736;497.75;4.9
ta76;50;5;5679;10.359375;7.1
ta76;50;10;5732;10;8.1
ta76;50;20;5664;10.03125;6.8
ta76;100;5;5690;21.28125;7.3
ta76;100;10;5633;20.078125;6.2
ta76;100;20;5655;19.8125;6.6
ta76;250;5;5713;53.75;7.7
ta76;250;10;5604;51.8125;5.7
ta76;250;20;5580;49.828125;5.2
ta76;500;5;5608;106.765625;5.8
ta76;500;10;5563;102.4375;4.9
ta76;500;20;5562;100.796875;4.9
ta76;1000;5;5683;216.984375;7.2
ta76;1000;10;5512;206.859375;3.9
ta76;1000;20;5475;200.640625;3.2
ta76;2500;5;5561;543.34375;4.9
ta76;2500;10;5502;517.234375;3.8
ta76;2500;20;5440;500.828125;2.6
ta77;50;5;5872;10.859375;4.9
ta77;50;10;5922;9.96875;5.8
ta77;50;20;5840;9.9375;4.3
ta77;100;5;5913;21.21875;5.6
ta77;100;10;5837;20.625;4.3
ta77;100;20;5937;20.125;6
ta77;250;5;5854;53.96875;4.6
ta77;250;10;5804;51.21875;3.7
ta77;250;20;5836;49.9375;4.2
ta77;500;5;5843;107.25;4.4
ta77;500;10;5807;102.78125;3.7
ta77;500;20;5811;100.59375;3.8
ta77;1000;5;5834;215.609375;4.2
ta77;1000;10;5796;204.90625;3.5
ta77;1000;20;5765;199.234375;3
ta77;2500;5;5909;563.78125;5.5
ta77;2500;10;5773;519.03125;3.1
ta77;2500;20;5741;495.3125;2.5
ta78;50;5;5960;10.640625;6
ta78;50;10;6001;9.8125;6.7
ta78;50;20;6039;9.984375;7.4
ta78;100;5;6019;20.765625;7
ta78;100;10;5955;20.515625;5.9
ta78;100;20;5951;19.53125;5.8
ta78;250;5;5926;53.3125;5.4
ta78;250;10;5907;50.5;5.1
ta78;250;20;5824;49.21875;3.6
ta78;500;5;5916;107.484375;5.2
ta78;500;10;5884;102.5625;4.6
ta78;500;20;5877;99.453125;4.5
ta78;1000;5;6022;213.828125;7.1
ta78;1000;10;5846;204.1875;4
ta78;1000;20;5798;198.234375;3.1
ta78;2500;5;6001;534.828125;6.7
ta78;2500;10;5876;512.828125;4.5
ta78;2500;20;5820;493.375;3.5
ta79;50;5;6285;10.6875;7
ta79;50;10;6169;10.109375;5
ta79;50;20;6165;9.5625;4.9
ta79;100;5;6158;21.375;4.8
ta79;100;10;6096;20.34375;3.8
ta79;100;20;6163;19.359375;4.9
ta79;250;5;6139;53.453125;4.5
ta79;250;10;6102;50.78125;3.9
ta79;250;20;6110;49.453125;4
ta79;500;5;6189;105.59375;5.3
ta79;500;10;6060;101.21875;3.1
ta79;500;20;6049;98.34375;3
ta79;1000;5;6117;213.453125;4.1
ta79;1000;10;6061;205.4375;3.2
ta79;1000;20;5989;199.578125;1.9
ta79;2500;5;6131;536.15625;4.4
ta79;2500;10;6061;514.8125;3.2
ta79;2500;20;6035;500.34375;2.7
ta80;50;5;6153;10.6875;5.3
ta80;50;10;6165;10;5.5
ta80;50;20;6200;10.140625;6.1
ta80;100;5;6203;22.28125;6.1
ta80;100;10;6013;20.390625;2.9
ta80;100;20;6112;20.09375;4.6
ta80;250;5;6069;53.6875;3.8
ta80;250;10;6053;51.5;3.6
ta80;250;20;6023;49.71875;3
ta80;500;5;6145;107.84375;5.1
ta80;500;10;6068;103.09375;3.8
ta80;500;20;6055;98.65625;3.6
ta80;1000;5;6088;215.0625;4.2
ta80;1000;10;6081;205.234375;4
ta80;1000;20;6056;199.265625;3.6
ta80;2500;5;6138;532.640625;5
ta80;2500;10;5967;543.65625;2.1
ta80;2500;20;6019;531.4375;3
ta81;50;5;6948;15.078125;10.5
ta81;50;10;6974;13.890625;10.9
ta81;50;20;7109;13.9375;13.1
ta81;100;5;7016;29.9375;11.6
ta81;100;10;6935;28.9375;10.3
ta81;100;20;6927;28.046875;10.2
ta81;250;5;7019;75.765625;11.7
ta81;250;10;6974;72.109375;10.9
ta81;250;20;6897;70.890625;9.7
ta81;500;5;6987;150.0625;11.2
ta81;500;10;6829;148.34375;8.6
ta81;500;20;6709;141.671875;6.7
ta81;1000;5;6972;303.0625;10.9
ta81;1000;10;6796;290.203125;8.1
ta81;1000;20;6768;284.125;7.7
ta81;2500;5;6922;772.71875;10.1
ta81;2500;10;6846;911.3125;8.9
ta81;2500;20;6694;773.84375;6.5
ta82;50;5;6986;17.390625;11.9
ta82;50;10;7073;14.71875;13.3
ta82;50;20;6930;14.1875;11
ta82;100;5;7108;30.375;13.9
ta82;100;10;6888;30.484375;10.4
ta82;100;20;7030;29.328125;12.6
ta82;250;5;6959;77.796875;11.5
ta82;250;10;6831;88.71875;9.5
ta82;250;20;6801;91.609375;9
ta82;500;5;6941;172.75;11.2
ta82;500;10;6855;161.3125;9.8
ta82;500;20;6830;153.671875;9.4
ta82;1000;5;6892;311.703125;10.4
ta82;1000;10;6776;324.015625;8.6
ta82;1000;20;6770;321.3125;8.5
ta82;2500;5;7033;816.875;12.7
ta82;2500;10;6804;728.40625;9
ta82;2500;20;6689;768.34375;7.2
ta83;50;5;7028;17.765625;11
ta83;50;10;6998;16.5;10.6
ta83;50;20;7084;16.15625;11.9
ta83;100;5;7039;36.171875;11.2
ta83;100;10;7011;32.203125;10.8
ta83;100;20;6966;28.796875;10.1
ta83;250;5;7042;81.625;11.3
ta83;250;10;6936;77.328125;9.6
ta83;250;20;6894;76.078125;8.9
ta83;500;5;7068;154.9375;11.7
ta83;500;10;6879;149.34375;8.7
ta83;500;20;6910;143.6875;9.2
ta83;1000;5;7116;348.453125;12.4
ta83;1000;10;6864;261.984375;8.5
ta83;1000;20;6675;276.078125;5.5
ta83;2500;5;7028;663.15625;11
ta83;2500;10;6851;674.609375;8.2
ta83;2500;20;6788;716.84375;7.3
ta84;50;5;7028;15.125;11.4
ta84;50;10;6961;14.4375;10.4
ta84;50;20;6921;14.046875;9.8
ta84;100;5;7104;29.953125;12.7
ta84;100;10;6977;29.3125;10.6
ta84;100;20;6838;28.640625;8.4
ta84;250;5;6971;79.46875;10.5
ta84;250;10;6869;78.953125;8.9
ta84;250;20;6902;75.4375;9.5
ta84;500;5;6944;163.625;10.1
ta84;500;10;6918;152.703125;9.7
ta84;500;20;6885;142.390625;9.2
ta84;1000;5;6923;305.4375;9.8
ta84;1000;10;6883;291.96875;9.2
ta84;1000;20;6729;286.796875;6.7
ta84;2500;5;6981;804.390625;10.7
ta84;2500;10;6835;766.03125;8.4
ta84;2500;20;6724;735.875;6.6
ta85;50;5;7178;14.859375;12.6
ta85;50;10;7115;14.328125;11.6
ta85;50;20;7148;14.15625;12.1
ta85;100;5;7086;30.71875;11.1
ta85;100;10;7032;29.90625;10.3
ta85;100;20;7037;28.59375;10.3
ta85;250;5;7017;76.65625;10
ta85;250;10;7018;73.046875;10.1
ta85;250;20;7033;70.9375;10.3
ta85;500;5;7026;160.375;10.2
ta85;500;10;6993;175.9375;9.7
ta85;500;20;6886;172.328125;8
ta85;1000;5;7022;377.765625;10.1
ta85;1000;10;6908;361.84375;8.3
ta85;1000;20;6793;340.703125;6.5
ta85;2500;5;7100;852.890625;11.3
ta85;2500;10;6813;792.265625;6.8
ta85;2500;20;6794;749.96875;6.5
ta86;50;5;7223;20.25;12.2
ta86;50;10;7145;18.65625;11
ta86;50;20;7136;18.75;10.9
ta86;100;5;7103;39.515625;10.3
ta86;100;10;7152;38.46875;11.1
ta86;100;20;7073;35.625;9.9
ta86;250;5;7130;99.5;10.8
ta86;250;10;6993;88.171875;8.6
ta86;250;20;7053;84.625;9.6
ta86;500;5;7197;183;11.8
ta86;500;10;6992;174.234375;8.6
ta86;500;20;7012;169.265625;8.9
ta86;1000;5;7022;363.671875;9.1
ta86;1000;10;6952;347.484375;8
ta86;1000;20;6900;337.21875;7.2
ta86;2500;5;7099;902.5;10.3
ta86;2500;10;6942;868.265625;7.8
ta86;2500;20;6811;843.625;5.8
ta87;50;5;7248;17.9375;14.2
ta87;50;10;7147;17.15625;12.6
ta87;50;20;7124;16.578125;12.3
ta87;100;5;7036;36.265625;10.9
ta87;100;10;7078;34.859375;11.5
ta87;100;20;7054;33.78125;11.2
ta87;250;5;7104;90.0625;11.9
ta87;250;10;7092;86.21875;11.8
ta87;250;20;7027;84.5;10.7
ta87;500;5;7146;180.4375;12.6
ta87;500;10;6945;173.375;9.4
ta87;500;20;6898;168.328125;8.7
ta87;1000;5;7042;360.15625;11
ta87;1000;10;6949;345.296875;9.5
ta87;1000;20;6858;338.0625;8.1
ta87;2500;5;7119;922.859375;12.2
ta87;2500;10;6868;876.71875;8.2
ta87;2500;20;6864;854.28125;8.2
ta88;50;5;7355;17.6875;13.5
ta88;50;10;7225;16.96875;11.5
ta88;50;20;7208;16.453125;11.2
ta88;100;5;7296;38;12.6
ta88;100;10;7080;34.03125;9.2
ta88;100;20;7194;34.375;11
ta88;250;5;7280;88.765625;12.3
ta88;250;10;7144;84.71875;10.2
ta88;250;20;7138;84.34375;10.1
ta88;500;5;7187;184.859375;10.9
ta88;500;10;7080;180.765625;9.2
ta88;500;20;7067;167.703125;9
ta88;1000;5;7243;357.453125;11.8
ta88;1000;10;7029;344.671875;8.5
ta88;1000;20;6960;348.796875;7.4
ta88;2500;5;7306;920.828125;12.7
ta88;2500;10;7071;877.890625;9.1
ta88;2500;20;6882;942.78125;6.2
ta89;50;5;7177;18.6875;12.9
ta89;50;10;7068;17;11.2
ta89;50;20;7112;16.546875;11.9
ta89;100;5;7132;35.96875;12.2
ta89;100;10;7054;34.15625;10.9
ta89;100;20;7100;33.375;11.7
ta89;250;5;7088;96.125;11.5
ta89;250;10;6903;90.71875;8.6
ta89;250;20;6975;91.609375;9.7
ta89;500;5;7003;199.625;10.1
ta89;500;10;6927;189.84375;8.9
ta89;500;20;6900;179.359375;8.5
ta89;1000;5;7112;377.25;11.9
ta89;1000;10;6884;364.71875;8.3
ta89;1000;20;6756;355.703125;6.3
ta89;2500;5;7121;874.15625;12
ta89;2500;10;6872;822.71875;8.1
ta89;2500;20;6757;808.734375;6.3
ta90;50;5;7205;15.96875;11.4
ta90;50;10;7202;15.53125;11.4
ta90;50;20;7162;14.734375;10.8
ta90;100;5;7136;31.90625;10.4
ta90;100;10;7104;30.640625;9.9
ta90;100;20;6996;30.0625;8.2
ta90;250;5;7160;80.640625;10.8
ta90;250;10;6961;77.28125;7.7
ta90;250;20;7049;74.921875;9
ta90;500;5;7087;158.828125;9.6
ta90;500;10;7019;153.453125;8.6
ta90;500;20;6966;141.625;7.7
ta90;1000;5;7094;318.03125;9.7
ta90;1000;10;6983;313.578125;8
ta90;1000;20;6850;283.546875;6
ta90;2500;5;7115;760.5625;10.1
ta90;2500;10;6951;726.890625;7.5
ta90;2500;20;6876;712.609375;6.4
